Dnd Fiitness Gym,-8800685907,4.9,45,"Ko 03/04 Placio Road, Sector 126, Noida - 201303, Gate No 2A Amity Universty"
,,,,
Fitness Box,7947452999,4.3,219,"3rd Floor, Sab Mall, Noida Sector 27, Noida - 201301"
,,,,
Body By Inches,7947453826,3.5,2,"First Floor, Chail Singh Rana Complex, Noida Sector 22, Noida - 201301, Near Shiv Mandir Road"
,,,,
Hype The Gym,-9810067368,4.5,29,"Amarpali Crystal Shopping Arcade,Basement, Noida Sector 76, Noida - 201304, Near Jm Orchid Society"
,,,,
Slim Trim Point,-9837009292,4.8,50,"O Tower, Flat No - 1207, Amrapali Zodiac, Noida Sector 120, Noida - 201304, Near Sector - 70"
,,,,
N.H.C Nutrition & Supplemen..,-9999947208,4.9,4,"Street No-1,Noida Health Club Gym, Near Kartik Kunj Appartment, Noida Sector 44, Noida - 201303, Opposite Old Shiv Mandir"
,,,,
Fighting Choice,7947239091,5,9,"3 Rd Floor , Sharma Market, Near Sect 34 Metro Station  On Red Light, Noida Sector 51, Noida - 201307"
,,,,
Shape N Soul Fitness & Danc..,7947229217,5,2,"Cv7 105, Supertech  Capetown, Cv 105, Noida Sector 74, Noida - 201304"
,,,,
Fitness Avenue,7947059955,4.1,95,"House No-177,Basement Block D, Sec 27, Noida, Noida - 201301, Opposite Indo Golf Dignogist,D Block,Sector 27"
,,,,
Fitness Mandi Gym,7947060717,4.2,155,"M-7 2nd Floor, CMC Complex, Main Dadri Road, Noida Sector 49, Noida - 201304, Above Union Bank"
,,,,
Fitness Mandi Gym,7947060717,4.2,155,"M-7 2nd Floor, CMC Complex, Main Dadri Road, Noida Sector 49, Noida - 201304, Above Union Bank"
,,,,
The Crypt,-9711070464,4.3,14,"Sadana Tower, Sector-66, Noida Sector 62, Noida - 201309, Near R K Public School"
,,,,
Fitness 52,-4154231,3.8,16,"B-27, Shatabdi Vihar Road, Noida Sector 52, Noida - 201301, Near Community Centre"
,,,,
K One Fitness,-4218850,4.6,14,"Kasana Tower Third Floor, Alpha Commercial Belt, Alpha 1-Greater Noida, Noida - 201310, Near Dr Batra"
,,,,
Xtreme Fitness Gym,7947063740,4.4,168,"First Floor, 10th Avenue  Gaur City 2, Greater Noida, Noida - 201310, Near By Gagan Public School, Gaur City 2, Noida Extension"
,,,,
Wolfpack Fitness,7947230056,4.8,31,"7th Floor, Sunrise Tower, Commercial Belt, Alpha 1-greater Noida, Noida - 201310, Near By Vijay Sales"
,,,,
Haada Club,7947467067,4.3,30,"Haadaclub, Manjhawali Road, Tigaon, Faridabad - 121101, Punjab National Bank"
,,,,
Antham Gym,-9312207744,5,1,"Shop No - 26-31 AR Plaza Rampur Jagir, Rampur Jagir Road, Rampur Jagir, Noida - 201310, Near Metro Money"
,,,,
Fitbee Fitness,7947224768,4.9,224,"8th Floor, Tradex Tower 2, Alpha 1-Greater Noida, Noida - 201310, Commercial Belt"
,,,,
Oxygen Pro Gym,7947078949,3.5,2,"C 512,, 40 Foot Road, Chawla Colony Ballabgarh, Faridabad - 121004, Near Hanuman Mandir"
,,,,
Fitstop Gym,-4140538,4.1,94,"SCO-146,1st Floor, HUDA MARKET, Faridabad Sector 21C, Faridabad - 121007, Near Dominos"
,,,,
Ch Mawasi Fitness Club,-9711191067,4.6,135,"A1, Mawasi Palace Mawasi Colony, Sarita Vihar, Delhi - 110076, Near GD Goingka School"
,,,,
Wow Gym Workout World,-9821421566,4.3,205,"A-245,Upper Ground Floor, Shaheen Bagh-jamia Nagar, Delhi - 110025, Near Honda Showroom, Thoker Number 6"
,,,,
Fitness Hub,-9891915796,4.3,3,"A21/22, 2nd Floor, Ghaziabad HO, Ghaziabad - 201001, Near New Panchwati, Bhatia More"
,,,,
Field Of Fitness,7947266823,4.8,83,"B-28/6 Basement Tower A&B, Thokar No-8, Shaheen Bagh-jamia Nagar, Delhi - 110025, Near Firdous Masjid"
,,,,
Negis The School Of Martial..,-8860222521,4.9,75,"Plot No.585, Niti Khand 1, Indirapuram, Ghaziabad - 201014, Opp. Swarn Jayanti Park"
,,,,
Ms Fitness Club,-9266550353,4.9,121,"House No. 219 B - 331, Abdul Fazal Enclave Nai Basti Gali No. 2, Jamia Nagar, Delhi - 110025, Near By Jamia Nagar Thana"
,,,,
The Prime  Fitness Hub,-8920360033,4.3,5,"RB Complex, NH-24, Dasna, Ghaziabad - 201009, Near Pani Ki Tanki"
,,,,
Sport Fit (By Ms Dhoni),-9599786780,4.5,2,"R14/8,shopper square mall,rajnagar, Rdc-Raj Nagar Ghaziabad, ghaziabad - 201002, Near ssp awash"
,,,,
Fit You Gym,-9911914932,4.2,77,"J-21, Thokar No-5, Kalindi Kunj Road, Shaheen Bagh-Jamia Nagar, Delhi - 110025, Near Noor Masjid"
,,,,
Soul Studio,-9811198241,4.7,92,"E-477, Khosla Complex, Vasundhara Enclave, Vasundhara Enclave, Delhi - 110096, In Front Of Mahesh Apartment"
,,,,
Da Lyfstyle Fitness,7947293207,4.2,28,"Basement Aditya Mall, Kala Pathar Road, Vaibhav Khand-Indirapuram, Ghaziabad - 201014"
,,,,
Anytime Fitness,7947222151,3.8,276,"Habitat Centre, Second Floor, Ahinsa Khand 1, Indirapuram, Ghaziabad - 201014, Near Shipra Mall"
,,,,
Body Shapers Gym,-9911144814,4,187,"E-480, Opposit Mahesh Apartment, Vasundhara Enclave, Delhi - 110096, Near Samrat Apartment"
,,,,
One On One Gym,-9871828595,3.8,252,"A431, Sarpanch Market, Block C 1, New Ashok Nagar, Delhi - 110096"
,,,,
Knockout Fitness Zone,-9650706356,4.5,92,"Plot No 60, Sector 12, Pratap Vihar Ghaziabad, Ghaziabad - 201009, Near Golden Public School"
,,,,
Anytime Fitness,7947220909,3.9,162,"M 64, 2nd and 3rd Floor, M Block Market, Greater Kailash 2, Delhi - 110048, Near 24X7"
,,,,
Anytime Fitness,7947467663,4.7,76,"Plot No-47,Community Centre, New Friends Colony, Delhi - 110025, Above Hdfc Bank, Near Al Bake"
,,,,
Fitzone,7947452928,4.8,19,"197, IIIrd Floor, Jeewan Nagar, Ashram, Delhi - 110014, Opposite Tikona Park"
,,,,
Fitness Finesse,7947215330,3.9,201,"K- 8, AB, Kalkaji, Delhi - 110019, Near 2nd Round Circle and Subway"
,,,,
Anytime Fitness,7947223059,4.1,174,"Hall No. 1,Ground Floor,, Gaur Ganga Complex, Vaishali Sector 4, Ghaziabad - 201010, Near Vaishali Metro Station"
,,,,
Blu 1 Fitness,-26920510,4.1,202,"174-building No, Lotus Pond Road, New Friends Colony, Delhi - 110025, Behind Surya Hotel, Near Lotus Pond Restaurant."
,,,,
Planet Ultrafit,7947221916,3.9,87,"J 290, Main Road, Saket, Delhi - 110017, J Block Market"
,,,,
Cardio Prime Gym,-7834859911,3,6,"F-53, Gurudwara  Road, Madhu Vihar, Madhu Vihar-Patparganj, Delhi - 110092"
,,,,
Energie Gym Spa Salon and F..,-9266628931,3.6,200,"Plot Number-80, 3rd Floor, Vikas Marg, Nirman Vihar, Delhi - 110092, Inside V3s Mall, Laxmi Nagar"
,,,,
Cardio Prime Gym,7947220049,4,157,"A-4, IInd and IIIrd Floor, Mayur Vihar Phase 1, Delhi - 110091"
,,,,
Delhi Queen Dance Studio,7947222026,4.9,17,"Shop 24/1, Ignou Road, Neb Sarai, Delhi - 110068, Opp Anupam Appartment Gate No 4"
,,,,
Golds Gym,-46610021,3.8,247,"E 15, East Of Kailash, Delhi - 110065, Near Kailash Colony Metro Station"
,,,,
Fitness Junkie,-4154852,3.9,162,"B-6, Bharat Apartment, Main Road, Surya Nagar, Ghaziabad - 201011, Near Shunshine Hotel"
,,,,
Planet Ultrafit Gym & Fitne..,-9999737161,4.6,6,"137/1, Saidulajab MB Road, Saket, Delhi - 110017, Near Saket Metro Station Gate No-2"
,,,,
The Body Move Fitness,-9899580481,4.3,10,"Niti Bagh Club, Neeti Bagh-South Extension 2, Delhi - 110049, Near Gargi College"
,,,,
Strive fitness studio,-43005729,4.5,46,"B7/114 A, Safdarjung Enclave, Delhi - 110029, Near JRD Hotel"
,,,,
Gym 2.O,-45271158,4.2,16,"D 64 1st Floor, Gali No.3, Laxmi Nagar, Delhi - 110092, Near By Metro Piller No.31"
,,,,
Golds Gym,-7439179837,4.4,183,"81/1 4th Floor Aurobindo Tower,, Sri Aurobindo Marg, Adchini-sarvodaya Enclave, Delhi - 110017"
,,,,
I Lift Fitness,7947079401,4.3,23,"S2 1 St & 2nd Floor, Green Park, Delhi - 110016, Main Market"
,,,,
Kshastra Academy,7947226023,4.8,69,"69, South Anarkali Extension, Street No. 11, Krishna Nagar, Delhi - 110051, Near MCD Community Centre"
,,,,
F N F Gym,7947223977,4.6,243,"C2/5, Lal Quotors, Krishna Nagar, Delhi - 110051"
,,,,
The Battlefield,-9999936267,4.4,65,"619/10, Opposite Tivoli Garden, Chattarpur, Delhi - 110074"
,,,,
Blacks Gym,-9811268729,4.3,124,"House Number- 49, 51, Jor Bagh Lane, Jor Bagh, Delhi - 110003, Near Jor Bagh Metro Station, Block- G, B K Dutt Colony"
,,,,
Yogashram And Natural Healt..,7947209749,4.5,8,"1, R K Puram, Delhi - 110022, Near Vasant Place Market, Sector 6"
,,,,
Yes Fitness Gym and Aerobic..,7947218456,4,117,"A-2/8, Above Volkswagen Showroom, Safdarjung Enclave, Delhi - 110029, Opposite Bhikaji Kama Place"
,,,,
Fitness One Gym And Spa,7947453019,4.7,49,"161a/9, 1st Floor, Union Bank, Kishangarh Vasant Kunj Road, Vasant Kunj, Delhi - 110070, Near Ambiance Tower"
,,,,
Total fitness center,7947215749,4.1,37,"Yoga Ashram, Rk Puram Sector 6, Delhi - 110022, Near Vasant Place Market & Malai Mandir"
,,,,
Tiger Firness Club,7947223048,4,3,"Jaunapur Village, 3rd Bus Stand, Mandi, Delhi - 110047, Sbi Bank"
,,,,
Personal Home Trainer,-9250435635,4.4,18,"945 Rk Puram, Rk Puram Sector, Netaji Nagar, Delhi - 110023, Community Center"
,,,,
Hibiscus India,-42440021,4.1,635,"C 32, Vasant Kunj, Delhi - 110070, Near Nathu Singh Market"
,,,,
Fit With Box,7947461607,4.5,1,"C-11/8,, Yamuna Vihar, Delhi - 110053, Below Piya Panchwati"
,,,,
City Unisex Fitness,-43095776,4.3,16,"Shop No -1063, Main Road Mukherjee Nagar, Dr Mukherjee Nagar, Delhi - 110009, Near Batra Cinema"
,,,,
Milestone Gym Cafe,7947217517,4.3,28,"C-29A First Floor, Vijay Nagar, Single Storie, Kingsway Camp, Delhi - 110009, Opposite Mcd Dispencery,  Above HDFC Bank,Vijay Nagar, Single Storey"
,,,,
Divaa Fitness -the Workout ..,-42465999,4.1,10,"3/26, Basement,, East Patel Nagar, Delhi - 110008, Near J P Siddharth Hotel"
,,,,
The Gymnasium Commit To Be ..,7947452631,5,14,"2528, Hudson Lane, GTB Nagar, Delhi - 110009, CCD"
,,,,
Kris Gethin Gyms,7947453012,4.6,11,"UG 26, Lg 17, Dlf Grand Mall, Mg Road, MG Road, Gurgaon - 122002, Sikandarpur Metro Station"
,,,,
Anytime Fitness,7947219674,4,134,"23/14, First Floor, East Patel Nagar, Delhi - 110008, Near Main Market"
,,,,
Butterfly Gym and Fitness A..,-8471070616,4.3,84,"29/8,East Patel Nagar Market, East Patel Nagar, Delhi - 110008, Near Butterfly House  & SIDHARTH HOTEL"
,,,,
Sweat House Gym,-41639909,4.8,23,"2509, Hudson Lane, Kingsway Camp, Delhi - 110009, Hudson Lane Bus Stand"
,,,,
Mp Fitness,-9069006979,4.2,6,"City Club, DLF City Phase 3, Gurgaon - 122010"
,,,,
Universal Gym,7947220554,4.1,236,"House No. 798, Sarasvati Vihar, Mg Road, Saraswati Vihar Gurgaon, Gurgaon - 122002, Behind Sahara Mall"
,,,,
Dronacharya The Gym,-8860815789,4.1,26,"Shop Number-12/1, Basement, East Patel Nagar, Delhi - 110008, Main Market, Opposite -Andhra Bank"
,,,,
Spartan Fitness Club,-8585903650,4.5,47,"Plot No. 450P, Sector 43  Golf Course Road, Gurgaon Sector 43, Gurgaon - 122002, NR. American School Road and Behind Dell Building"
,,,,
The Sweat Yard,-8448225163,4.9,25,"701 1st Floor, Near Batra Cinema, Dr Mukherjee Nagar, Delhi - 110009, Batra Cinema"
,,,,
Beyond Fitness,-4368101,4.3,113,"C 1, Gurgaon Sector 40, Gurgaon - 122001, Near Huda Market and Unitech Cyber Park"
,,,,
The Sweat Yard,-8448225163,4.9,25,"701 1st Floor, Near Batra Cinema, Dr Mukherjee Nagar, Delhi - 110009, Batra Cinema"
,,,,
Mg Dys Gym,-9319292875,4.9,7,"Element One Mall, Gurgaon Sector 49, Gurgaon - 122018, Above Hadiram"
,,,,
Spartan Unique Fitness Stud..,7947220501,3.5,3,"Bldng No 29, Second Floor, Main  Market  Moti Nagar, Moti Nagar, Delhi - 110015, Nr Tanga Stand"
,,,,
The Body Line Gym,7947228380,3.9,13,"H.No-625 P, lpot no. 58, Gurgaon Sector 45, Gurgaon - 122003, Near St. Angel School"
,,,,
Fitness Studio INDIA,7947235989,4.1,59,"D-48, South City 2, Gurgaon - 122018, Near D- Market"
,,,,
Universal Gym,7947223730,0.5,1,"R-4, 2nd floor, Galleria market, Galleria DLF IV, Gurgaon - 122009, Near cross point mall"
,,,,
The Gym Health Planet,7947231620,4.9,168,"B-3/3,, Ashok Vihar Phase 2, Ashok Vihar, Delhi - 110052"
,,,,
The Tone Zone,-43686202,4.3,9,"2303, Basement, Hudson Lane, Kingsway Camp, Delhi - 110009, Near Gtb Nagar Gate Number 4"
,,,,
Cuboco Fitness Centre,7947077097,4.7,67,"56/43 basement, West Punjabi Bagh, Delhi - 110026, Near central market"
,,,,
Ozone Fitness N Spa,7947216289,3.8,430,"23 N W A, Club Road, Punjabi Bagh, Delhi - 110026"
,,,,
Athlete Gym Crossfit & Spa,-9717663495,3,5,"1026/1, Railway Road, Gurgaon Sector 5, Gurgaon - 122001, Mata Chint Poorni Mandir"
,,,,
Sangam Sports,-9415148164,4.6,24,"Shop# 46,1st Floor, Secror 48, Sohna Road, Gurgaon - 122001, JMD Galleria"
,,,,
Fit Fataang,-25915475,4.6,104,"J 116/1, Ground Floor, Main Market Rajouri Garden, Main Market, Rajouri Garden, delhi - 110027, Opposite Women Clothing"
,,,,
Anytime Fitness,7947219425,4,224,"FC-1 TDI Mall 3rd Floor, Rajouri Garden, Delhi - 110027, Near Vishal Cinema"
,,,,
Mettlesome Fitness Studio,7947229331,4.9,99,"F-613, Palam Extension, Ramphal Chowk, Sector-7,, Dwarka, Delhi - 110075"
,,,,
Golds Gym,7947212933,4,1315,"A 67-70, 2nd & 3rd Floor, Palam Extension, Ram Phal Chowk, Dwarka Sector 7, Delhi - 110075, Near ICICI Bank"
,,,,
Fit I M,7947221969,4,55,"RZD-6,2nd Floor, Mahavir Enclave Part 1, Palam, Delhi - 110045, Near Sulabh International Museum"
,,,,
The Global Fitness,7947220702,3.6,114,"Vardhman Prime Plaza, BN Block Market , LSC , Above Bikaner, Shalimar Bagh East, Delhi - 110088, Near Ever Bake"
,,,,
The Bodyline Gym,-9811747420,4.3,69,"Main Jharsa Road T-point More Retail Sector 15 Part -1, 398/1 New Railway Road Opp Sheetal Hospital, Gurgaon Sector 49, Delhi - 122018, B-1 Southcity2 Sohna Road"
,,,,
Power Club Unisex Health Cl..,-9582011947,4.6,7,"C-4, Ajay Enclave, Ashok Nagar, Delhi - 110018, Near Radha Swami Satsang Bhawan"
,,,,
MV Nutrition,-9313489916,4.4,37,"14,Kirti Nagar, Jharsa Road, Gurgaon Sector 15, Gurgaon - 122001, Near Reliance Fresh"
,,,,
Fitness Paramount Trainer F..,-8708124042,4.7,80,"A-3, Sunshine Appartment, Paschim Vihar, Delhi - 110063, Near Balaji Hospital"
,,,,
No Limits Fitness Gym & Spa,-9811665923,3.9,4,"First Floor , Manish Metro Plaza, Pocket -5 , Plot No.1, Dwarka Sector 12, delhi - 110078, At K.M. Chowk"
,,,,
Iron Bar Fitness & Spa,-7982754037,4.8,107,"A-21, Pushpanjali, Pitampura, Delhi - 110034"
,,,,
Dharamraj Mental Toughness ..,-9315806931,4.6,8,"Basement, 49/2A, Budella Village,, Vikaspuri, Delhi - 110018, Opp. Community Hall & DG-2 DDA Market"
,,,,
C M Fitness,-9810030685,3.8,59,"Add : C-61(Corporate Office ), Ashok Vihar 3, Delhi - 110052, Near Laxmi Bai College, Shakti Nagar Extension"
,,,,
Ds Health Care Group,7947221139,3.8,5,"National Market, Peera Garhi, Delhi - 110087, Near Balimiki Chowk"
,,,,
MEGA FITNESS CLUB,-9354647958,3.8,24,"A-15, SHUBHAM ENCLAVE, Paschim Vihar, Delhi - 110063, NEAR BHERA ENCLAVE CIRCLE"
,,,,
Energie Gym,-9266628928,3.9,39,"M-4-2, Second Floor, Sonia PVR, Vikaspuri, Delhi - 110018"
,,,,
MEGA FITNESS CLUB,-9354647958,3.8,24,"A-15, SHUBHAM ENCLAVE, Paschim Vihar, Delhi - 110063, NEAR BHERA ENCLAVE CIRCLE"
,,,,
Energie Gym,-9266628928,3.9,39,"M-4-2, Second Floor, Sonia PVR, Vikaspuri, Delhi - 110018"
,,,,
Health Solution Gym And Spa,-9811107860,4.3,7,"Plot No 1 and 2, Dwarka, Delhi - 110075, Near Sector 17 Police Station"
,,,,
Yes Gym,-7011494137,4.9,84,"A-76, 1st Floor, Gurudwara Road, Mohan Garden, Delhi - 110059, Metro Pillar No. 745"
,,,,
Cross X Fit,-9717672544,4.5,9,"Y5 Gali, Budh Vihar Phase 1, Delhi - 110086, Near Shukar Bazar Road"
,,,,
Moksh Marg Gym & Spa,-9953189923,4.2,72,"Plot No 44 Bhagwati Garden, Polo Garden Road, Uttam Nagar, Delhi - 110059, Near Dwarka Mor Metro Station"
,,,,
Prince Fitness Master Train..,7947466818,3.5,2,"C-5/1, Sultanpuri, Sultanpuri, Delhi - 110086, Near Ploice Station"
,,,,
Knock Out Martial Arts and ..,7947229147,4.9,103,"Rz 1 Shukhi Ram Patk, Main Matiala Road, Uttam Nagar, Delhi - 110059, Near Metro Piller No 722 Near Aggarwal Sweets"
,,,,
O 3 Gym & Fitness,-9911656275,4.3,140,"C-30,Nawada Shopping Complex, Dwarka More, Delhi - 110059, Near Metropillar No 792"
,,,,
Championn Gym,7947081689,3.9,13,"840, Narela Rd, Alipur, D-36, Alipur, Delhi - 110036"
,,,,
MS Fitness Gym,8045799821,5,6,"Narela, Delhi - 110040, Near Bankner Pulliya, Bankner"
,,,,
Golds Gym,-4247191,4.1,1313,"E/16/B 2, 2nd Floor, Kirtiman Plaza, Noida Sector 30, Noida - 201303, Near NMC Hospital"
,,,,
Ramagya Sports Academy,7947214701,4,866,"E-7, Sector-50, Noida Sector 50, Noida - 201307"
,,,,
Anytime Fitness,-8448125912,3.8,838,"Shop No 301,304,309,312, Jaipuria Plaza, 2nd Floor, Noida Sector 26, noida - 201301, Opposite DPS School"
,,,,
Anytime Fitness,-9971329999,3.8,838,"Jaipuria Plaza, D-Block, Sector 26, Noida - 201301, Sai Mandir"
,,,,
Kailash Health Village,-2400029,4,639,"C-38, Noida Sector 62, Noida - 201309, Opposite Amar Ujala"
,,,,
Club 26,-4311820,4.1,606,"E-1, Noida Sector 26, Noida - 201301"
,,,,
La Fitnesse,-9654606755,3.9,430,"Third  Floor , Dharampalace, Noida Sector 18, Noida - 201301, Above Icici Bank"
,,,,
Indian Aquatic Academy,-9250916464,3.7,418,"A 7, Kendriya Vidyalaya, Noida Sector 24, Noida - 201301, Near NTPC & HCL Building"
,,,,
Golds Gym,-9599001663,4.4,304,"2nd FLoor, The Starling,  Plot No 1, Noida Sector 104, Noida - 201304, Opposite Lotus Boulevard,Hazipur"
,,,,
Getfit Fit Forever,-4216806,4.4,287,"Building Number A72,Raghuviri Medicos Basement, Noida Sector 50, Noida - 201307, Near Sector 51"
,,,,
Anytime Fitness,-8750444020,3.6,278,"Add : A 182/2, Tulip Mall, Noida Sector 48, Noida - 201303, Opposite Sri Sri Ravishankar Vidya Mandir"
,,,,
Fitnofit Gym,-9911710014,4.9,245,"Building Num K-9, Main Road, Noida Sector 49, Noida - 201303, Near Hanuman Ji Murti"
,,,,
Black Vigor Gym,-7154254,4.6,221,"Lower Basement 2, Galaxy Plaza, Noida Extension, Noida - 201305, Near Gaur Chowk,Gaur City-1"
,,,,
Chaze Fitness Gym,-9810837337,4.9,219,"KM 02,03, Noida Sector 104, Noida - 201304, Opposite Pathway School"
,,,,
Benefit Express Gym,-4359415,3.9,202,"Plot Number 34 and 35, Noida Sector 51, Noida - 201307, Behind HP Petrol Pump, Block Number B 1 A, Metro Market"
,,,,
Golds Gym,-4557380,4,186,"Ihdp Business Park, Plot-7, Noida Sector 127, Noida - 201303"
,,,,
THE GYM Health Planet,-4389500,4.5,180,"E-16/B-2, Basement, Kirtiman Plaza, Noida Sector 30, Noida - 201301, Near NMC Hospital"
,,,,
Blue Gym,-4324519,4.6,154,"2nd Floor, , Wave Silver Tower, 604, D Block, Pocket D, Sector 18, Captain Vijyant Thapar Marg, Noida Sector 18, Noida - 201301"
,,,,
The Top Gym,-9971412406,4,149,"3nd Floor,Basoiya Complex, Main Road, Noida Sector 15, Noida - 201301, Above Syndicate Bank"
,,,,
Second Home,-2482453,4.4,145,"C-3, Noida - 201301, Near SRS"
,,,,
Supernatural Crossfitness,-8448827875,4.7,137,"B-47 Basement, Supernatural Crossfitness, Block B, Sector 52, Noida - 201301"
,,,,
Elemention Green Boulevard,-4282429,4.1,134,"Tower, B, B9/A, Lower Ground Floor, Paramahansa Yoganand Road, Noida Sector 62, Noida - 201309, Opposite Tata Consultancy Services"
,,,,
Talwalkars Hi-Fi,-2405972,3.8,131,"B-23/A ,2nd Floor, Gautam Budh Nagar, Noida Sector 62, Noida - 201309, Behind Fortis Hospital"
,,,,
Active Gym,-9911698064,4.1,128,"House No -100, Taj Express Highway, Noida Extension, Noida - 201305, Near Siddharth Vihar Main Road"
,,,,
Wanted Boys Club,-7065065495,4.8,126,"Matrika Vihar, Khora Colony, Noida - 201309, Near Khan Cycle,"
,,,,
Dumbbell Bells Fitness Stud..,-8447996464,4.2,126,"B-435 Khazur Colony Sadarpur Amrapali Road, Near Hanuman Mandir, Sector 44, Noida - 201303"
,,,,
My Fitness Club,-9718246946,4.7,125,"A-120 Sector 92 Noida, Noida Sector 92, Noida - 201304, Near Super Mig"
,,,,
Prateek Laurel Gym,-9858288189,3.8,122,"Sector 120, Noida - 201307"
,,,,
Fitness 52,-4154231,3.9,120,"B 27, Shatabdi Vihar Road, Noida - 201307, Near Community Centre"
,,,,
Workout Zone,-8810469605,4.8,118,"PK-16, Sector 122, Noida Sector 122, Delhi - 201307, Near Kondli Bazar"
,,,,
Trinity Fitness & Slimming ..,-9211311026,4.8,113,"Plot Number-9, Main Road 12-22, Noida Sector 22, Noida - 201301, Opposite Government Inter College Sector-12"
,,,,
Power World Fitness Center,-9582199504,3.8,111,"479, MT Road, Village Hosiarpur, Noida Sector 51, Noida - 201307, Near Shivalik"
,,,,
U Turn Fitness,-9999595418,4.9,110,"Opposit J-55, Near Indian Overseas Bank, Noida Sector 22, Noida - 201301"
,,,,
Fitness First (Mall Of Indi..,-6229630,4.2,103,"Mall Of India , Lower Ground Floor, Noida Sector 18, Noida - 201301, Opposite Store 99"
,,,,
X Factor Gym,-4232333,4.2,101,"D-13,Basement, Noida Sector 52, Noida - 201301, Near Aravali Appartments"
,,,,
Gym Byte,-7835871377,3.2,101,"Ground Floor, Noida Sector 26, Noida - 201301, Near Dps School"
,,,,
Phoenix Gym,-4554579,4.5,100,"A48, A Block, Sector 26, Shaheed Arjun Sarona Marg, Noida Sector 27, Noida - 201301"
,,,,
The Gym,-9205498350,3.6,97,"Block I, Noida Sector 22, Noida - 201301, Near Shiv Mandir, Physical College"
,,,,
Anytime Fitness,-8447609093,4.6,95,"Shop No-1/A/B/C/D, Divine Meadows GH-04, Noida Sector 108, Noida - 201304"
,,,,
Body Engineers,-8010503109,4.6,93,"A-2, Noida Sector 92, Noida - 201304, Near India TV Office"
,,,,
Premier Fitness Club & Spa ..,-4225256,3.7,90,"Shop Number 401/402, 2nd Floor, Shopprix Mall, Noida Sector 61, Noida - 201307, Near Shopix Mall"
,,,,
Fitness Myantra,-9536312996,4.5,87,"D -18, Noida Sector 15, Noida - 201301, Near By Foriegn Registration Office"
,,,,
Fitness Myantra,-9718581829,4.5,87,"Plot No -01 ,Naya Bans, Rawat Building, Noida Sector 15, Noida - 201301, Near Noida Public Liberary"
,,,,
Addiction Gym,-4226829,4,84,"Shop No-2,3,4 ,5, Noida Sector 25, Noida - 201301, Opposite  Bal Bharti Public School, Main Market ,Jalvayu Vihar"
,,,,
Gym 99,-9560018502,4.4,82,"B-156A, Tulip Mall, Noida Sector 46, Delhi - 201303"
,,,,
Revitaal Mantrra,-4311251,3.5,82,"P 3, Krishna Apra Plaza, Ist Floor, F7/8, Noida Sector 18, Noida - 201301, Near Metro Station 18, Near Icici Bank Atm"
,,,,
Grand Fitness,-9650402047,5,79,"180 A, Sector 18, Noida - 201301, Near Vinayak Hospital"
,,,,
Sreez Fitness For Zumba,-9560950352,4.7,79,"Amrapali Silicon City, Sector 76, Flat F 906, Noida - 201301"
,,,,
HealthZone Gym,-8010006073,3.6,79,"Street No. 16, Sadarpur, Sector45, Shiv Mandir Wali Gali, Chhalera Bangar, Noida - 201303, Near RSS International Schol"
,,,,
Fit4u,-4179635,5,77,"B-1  55, Noida Sector 36, Noida - 201303, Near City Dental & Logic Mall"
,,,,
4 Fitness Gym,-9958153324,4.2,77,"Plot Number 2, Noida Sector 49, Noida - 201303, Behind  Hanuman Murti"
,,,,
The New Generation Health C..,-8882419916,3.9,77,"Roshan Complex, Street No 2, Mamura, Noida - 201307, Near Shramik Kunj"
,,,,
Sweat Zone,-4211128,3.7,77,"A 56/1 The Noddy International School (Basement), Noida Sector 50, Noida - 201307, Near Central Market"
,,,,
The Fitness Point Gym,-9717576006,4.5,75,"H No- B- 17, Begraj Complex,, Noida Sector 53, Noida - 201301, Near Hanuman Mandir"
,,,,
Fitmax Fitness & Health Clu..,-9718299934,4.4,72,"C-513, Amrapali Road, Noida Sector 44, Noida - 201303, Near Pnb Bank, C Block"
,,,,
Xtreme Gym,-9818068607,4.4,71,"Shop No 9 to 14 Second Floor, Deepak Vihar, Noida Sector 62, Noida - 201309, Green India Palace"
,,,,
Xtreme Gym,-9213951860,4.4,71,"Plot No. E-7 Deepak Vihar, Main Road, Noida Sector 62, Noida - 201309, Opposite .Assotech Building"
,,,,
Legion Gym,-9899919559,3.7,70,"A 91, Noida Sector 36, Noida - 201303, Near Golf Course Metro Station"
,,,,
SIP Academy,-9818658570,4.8,68,"Noida Sector 27, Noida - 201301, Behind Sub Mall, Above Aryabhatt Stationary"
,,,,
Fitness Freak,-8448229933,4.5,68,"Building No BS  07, Sector 70, Delhi - 201307, Near Sapphire International School"
,,,,
The Iron Pumpers GYM,-8285561167,3.9,67,"I-block, RAGHUNATHPUR-NOIDA SECTOR 22, Noida - 201301"
,,,,
Prems Gym,-4290046,3.8,65,"A-682, Noida Sector 19, Noida - 201301, Behind Little Scholar School,A Block, Pocket A"
,,,,
Golds Gym,-9355129809,4.7,64,"1st Floor ,Gaur City Club,GH 01, Noida Extension, noida - 201305"
,,,,
Parsona Live Gym,-9718825524,4.1,64,"A Square Mall, Basement, Noida Sector 73, Noida - 201307, Near Global Indian International School"
,,,,
Noida Health Club,No Number!,3.9,64,"Chhalera, Sector 44, Chhalera Bangar, Noida - 201303"
,,,,
Crossfit Lakshya,-9910029017,4.1,58,"3rd Floor, KM-01, Starling Mal Road, Noida Sector 104, Noida - 201304, Opposite Pathways International School"
,,,,
Sweat Zone Gym,-8750665420,3.8,58,"D- 85/7, Sector 51, Noida Sector 51, Noida - 201307, Near Kidzee Play School"
,,,,
Meraki Fitness Studio,-7087316203,4.9,54,"Ground Floor, Sh-51opposite, Gate Number 1, Logix Blossom County, Sector 137, Noida - 201305"
,,,,
Fit For Life,-8375883517,4.2,54,"D-72, Block D, Sector 122, Noida, Noida - 201307"
,,,,
Fit & Fab Gym,-4136596,4.2,54,"2nd Floor, The Power House Complex, Main Dadri Road, Noida Sector 49, Noida - 201303, Near Needs General Store"
,,,,
Get Fitfine Gym,-8802262109,4.1,53,"S-2 First Floor, Garden Galleria Market, Noida Sector 46, Noida - 201303, Near Mother Dairy"
,,,,
Fire Fitness Unisex Gym,-9278474645,4.7,52,"Gate No 1, Amrapali Platinum, Sector 119, Noida Sector 119, Noida - 201304"
,,,,
Body Temple Gym,-7428283917,3.8,52,"C 101, Block C, Sector 72,,, Near A Square Mall,, Noida Sector 72, Noida - 201307"
,,,,
Power World Gym Bhangel,-7625087785,3.7,52,"Raghuveer Complex, Khasra No. 124 Bhangel, Main Dsc Road, Bhangel, Noida - 201304, Above V2 Mall"
,,,,
Crossfit Himalaya 2.0,-8956505060,4.6,49,"Khasra No. 68, Sadarpur, Sector-45, Noida - 201301"
,,,,
Body By Inches Gym,-9999144756,4.2,48,"12-22 T Point Block C5, Rana Complex, Noida Sector 22, Noida - 201301, Above Midas Diagnostics"
,,,,
Sanjay Fitness 24,-9958585776,4.8,47,"Near Jaypee, Village Bazidpur, Noida Sector 130, Noida - 201304, Opposite- Obc Bank"
,,,,
Aero Gym,-9746644546,3.8,45,"Basement, G-11, G Block, Sector 56, Noida - 201307"
,,,,
Neo Fitness Club,-9310079982,4.7,42,"Neo Fitness Club, NEAR DELHI PUBLIC WORLD SCHOOL, Noida Extension, noida - 201305"
,,,,
Neo Fitness Club,-9310079978,4.7,42,"BSF Road Sector KP5, Noida Extension, Noida - 201305, Near DPS School , Near Ace City"
,,,,
Supplement Arena,-7838375486,4.7,42,"Shop No 1, T S Complex, Main Dadri Road, Barola-noida Sector 49, Noida - 201304"
,,,,
Everlast Fitness,-8851338196,4.3,42,"C Block, Noida Sector 31, Noida - 201301"
,,,,
Mad Wolf Fitness Club,-8130469004,4.7,41,"Salarpur Khadar, Sector 102, Gejha Road, Bhangel, Noida - 201304"
,,,,
Funfitfab Studio,-9990573782,5,39,"B-124, Block B, Sector 52, Near Mind Mappers, Noida, Noida - 201301"
,,,,
Reps & Sets Fitness Club,-9891164870,4.8,38,"M-6 Basement, Sector 11, Noida - 201301, NEAR METRO HOSPITAL"
,,,,
The Big Biceps Gym,-8287121303,4,37,"Shop No.-4, Basement, Main Sector-34 Road, Noida Sector 35, Noida - 201307, Near Kribhco Apartment"
,,,,
Human FitX,-8383056753,4.8,36,"HumanfitX Gym, D 85/7, Noida, Noida - 201303, LPS Global School"
,,,,
Blue Cycling & Fitness,-4324519,4.4,35,"2nd Floor, Noida Sector 18, Noida - 201301, Near Wave Mall, Above Westside"
,,,,
Anytime Fitness,-8800502586,4.1,35,"2nd Floor,Civitech Central, Noida Sector 77, Delhi - 201304, Opp Grand Ajnara"
,,,,
Mad Fitness Academy,-9555607681,4.8,34,"Parade Ground, Bhel Township, Bhel Twp, Sector 17, BHEL Township-Noida Sector 17, Noida - 201301"
,,,,
Your Fitness Factory,-9999273658,4.7,33,"SD 02, Noida Sector 45, Noida - 201303, Opposite Prateek Stylome Society"
,,,,
Studio Fit,-9717428927,4.2,31,"A-27, Basement, Noida Sector 36, Noida - 201303, Near Community Centre"
,,,,
Red Rock Gym,-9268733335,3.8,31,"Gali, Gali No -7, Noida Sector 66, Noida - 201307, Near Kua Wala Chok"
,,,,
Sportivity,-8826376139,4.6,30,"S-1 Basement, Sector 50, Noida - 201307, Near Gole Chakkar"
,,,,
Synergy Fitness Connection ..,-9818003054,4.3,30,"House Number- B- 309, Sector 122, Noida - 201307, Near Raghav Global School"
,,,,
Gymtechno Fitness Studio,-9871789208,4.9,28,"775/779 1st Floor Jagat Singh Market, Noida Extension, Noida - 201305, Behind Stellar Jeevan Apartment"
,,,,
The Iron Pumpers Gym,-8586016209,4.9,28,"2nd Floor, A72 to 75a Deepak Vihar Khora Colony, Green India Place, Noida - 201301, Above Vishal Mega Mart"
,,,,
The Perfect Gym,-9015837680,4.8,28,"Gali Number 1, Noida Sector 44, Noida - 201303, Near Verma Clinic,Village Chhalera"
,,,,
Cult Fit Fitness Center,No Number!,4,28,"N- 16, Noida Sector 18, Noida - 201301, N Block, Pocket K"
,,,,
Mad Fitness Studio,-9555607681,4.9,27,"23, Block I, Sector 22, Maithli Marg, Noida Sector 22, Noida - 201301"
,,,,
Dronacharya The Gym,-9990402209,4.2,27,"SDA 61 Village Sadarpur, Noida Sector 45, noida - 201303, Opp Laxmi Furniture"
,,,,
Studio Fit,-9810080262,4.2,27,"Plot No.0203, 2nd Floor, Hazipur, Sector 104, Noida Sector 104, Noida - 201304, Opposite Pathways School"
,,,,
Fitness Focus Gym,-9911042804,4.2,27,"A -192, Noida Sector 46, Noida - 201303, Near By Mother Dairy"
,,,,
The Classic Gym,-7983874237,4.3,25,"Chhajarsi, Noida Sector 63, Noida - 201307, Near FNG Road"
,,,,
Refuel Unisex Gym & Cafe,-8081077235,3.7,25,"Ground Floor, Noida Sector 22, Noida - 201301, Opp Rajki Inter College"
,,,,
Yuva Fitness Gym,-8447493241,3.6,25,"Yuva Fitness Gym, Main Road, Noida Sector 49, Noida - 201301, Near Metro Station."
,,,,
Crosstrain Fight Club,-9911446834,4.3,24,"163 C, Block C, Sector 48, Noida - 201301"
,,,,
Mr. India Health Fitness Gy..,-9717355499,4,23,"Nagla Charandas, Noida - 201305, Phase 2"
,,,,
Knighthawks Studio,-4238408,4.4,22,"B 112, Basement, Sector 50, Noida - 201307, Near B Block Market"
,,,,
Power World Gym,-7625087795,2.7,22,"Second Floor, Sadarpur, Sector45, Noida - 201303, Above Canara Bank Sector 45"
,,,,
Get fit n fine gym,-9354133409,4.8,20,"F 2 First Floor C Block, Garden Galariya Market, Noida Sector 46, Noida - 201303, Near By Mother Diary"
,,,,
Taras Fitness Studio,-9582078926,4.8,20,"G - 3 Basement, Noida Sector 22, Noida - 201301"
,,,,
GorillaS Gym,-9821723791,5,19,"Block - I, Main Road, noida - 201301"
,,,,
GorillaS Gym,-8373980124,5,19,"Block - I , 2nd Floor, CS Rana Complex, Noida Sector 22, Noida - 201301"
,,,,
24 Fitness Gym,-9718914909,4.2,19,"B-57, B Block, Noida Sector 108, Delhi - 201304"
,,,,
Lucky Gym,-9990223975,4.1,19,"Bahlolpur Sec 65 Noida, Gate No-1, Search Lucky Gym Noida Google Map, Noida - 201304, Hanuman Mandir"
,,,,
Quest And Curve,-9868560454,4.1,19,"B 72, Stimulus School, Sector 39, Noida - 201303"
,,,,
Lucky Gym Sec 65,-9990223975,4.1,19,"Village -Bahlolpur Sec 65, Noida Sector 65, Noida - 201301, Search Lucky Gym Sec 65 Noida Location Available Google Map"
,,,,
Golds Gym Fitness Institute,-9560044890,3.9,18,"A-Block, Sector 31, Noida, Noida - 201301"
,,,,
The Devotion Gym,-6408604,3.5,18,"1st Floor, Veervati Palace, Noida Sector 27, Noida - 201301, Near Vinayak Hospital, Above Oriental Bank"
,,,,
Besavvy,-7292057769,4.9,17,"Sector 45 Road, G Block, Sector 44, Chhalera Bangar, Noida - 201303"
,,,,
The Hitech Gym,-9717136851,4,17,"Hanumaan Market, Harola, Noida - 201301, Near Police Fire Station"
,,,,
Mbs Gymkhana Ltd,-9310004059,3.9,17,"2nd Floor, Shopprix Mall, Noida HO, Noida - 201301, Sector-61"
,,,,
Baba Olympic Gym,-9536603568,4.7,16,"Kherli Hafizpur, Gautam Budh Nagar, Noida - 203202, Near Kanya Uchtar Madhyam Vidhyalya Gurukur"
,,,,
Workoutz Gym,-8527071324,4.3,16,"B 499, A Block, Pocket A, Sector 19, Noida Sector 67, Noida - 201301"
,,,,
Workout Gym,-9717154867,4.3,16,"B 499, C Block, Pocket C, Sector 19, Noida Sector 19c, Noida - 201301"
,,,,
The Bulls Gym,-2500069,4.2,16,"I-67, I Block, Noida Sector 41, Noida - 201303, Near Ojhas Good Will Hospital and Milinnium School"
,,,,
Muscle Factory The Unisex G..,-9899372917,5,15,"Plot No 190/3, Tigri Gol Chakkar, Gaur City Road, Noida Extension, Noida - 201305, Samsung Authorized Service Centre Near Gaur City"
,,,,
Ultimate Fitness Centre,-9958354344,4.9,15,"D63 Sector 49 Hindon Vihar, Noida HO, Noida - 201301, Nr Dominos"
,,,,
Ice Blue Gym,-9368277808,4,15,"Sikandrabad, Noida - 203202"
,,,,
Fighting Choice,-8101313622,5,14,"Hoshiar, Sec 51 Sharma Market, Noida - 201303, Nr Sector 34 Metro Station"
,,,,
Star Gym,-9958244929,3.5,14,"Bihari Market, Opposite Paras Tierea, Noida Sector 141, Noida - 201305"
,,,,
Hks Health Club,-9910606189,3.1,14,"Numberdar Market, Vill. Chhijarshi Sec. 63, Chhajarsi, Noida - 201307, Near Shani Mandir"
,,,,
On The C Club 61,-9910735853,3,14,"Shop Number 443 -449, 2nd Floor, Sopprix Mall, Noida Sector 61, Noida - 201307, Sopprix Mall"
,,,,
Khan Health Club,-9568011978,4.8,13,"Fatehpur Atta, Noida - 203201"
,,,,
Iron Pumpers Gym,-9311124408,4.5,13,"B 14, Main Road, Noida Sector 12, Noida - 201303, Near Suhani Furniture"
,,,,
Get Fit N Fine,-8802228725,4.3,13,"B-1/35,Central Market, B Block, Noida Sector 50, Noida - 201307, Near ICICI Bank,Central Market"
,,,,
Moksham Body Mantra,-9540414048,3.4,13,"Gali No.2, Noida Sector 66, Noida - 201307, Near U Flex & Near Sector 61 Chowk"
,,,,
Steppers Gym,-9711179809,4.7,12,"3rd Floor Khan Market Sec 49 Barlow, Main Dadri Road, noida - 201301, Near Tvs Showroom"
,,,,
Ever Last Fitness,-9711795644,4.5,12,"Shop No.c Block, Above Overseas Bank, Noida Sector 31, Noida - 201301"
,,,,
Ever Last Fitness,-9711795644,4.5,12,"A Block, Noida Sector 15a, Noida - 201301, Near By Film City"
,,,,
Mac Gym,-9760916314,3.7,12,"City Plaza 3rd Floor Gaur City 1, Noida Extension, Noida - 201305"
,,,,
Steppers Gym,-9958971141,4.7,11,"Main Dadri Road, Noida - 201301, Near Barola Market"
,,,,
Pulse Gym,-8742913617,4.2,11,"Sector 62a, Khora Colony, Noida - 201309"
,,,,
The Akhada Gym,-9873000256,4.2,11,"Plot Number 954, Kashmiri Gate, Khora Colony, Noida - 201309, Near TATA TOWER"
,,,,
Royal Inches Zym & Fitness ..,-9350586658,4,11,"A-3  .- A, Noida Sector 32, Noida - 201303, Near Authority, Back Side Petrol Pump"
,,,,
Way Fitness Academy,-9999487269,3.7,11,"B 259, Noida Sector 50, Noida - 201307, Near Indian Bank"
,,,,
Dcfc Fitness Club,-9821677668,5,10,"East Avenue Grand, Nehra Infra Homes, 5th Floor; Main Dadri Road, Sector 49, Noida - 201303, Opp- Dominos"
,,,,
Universal Sagar Academy,-9911639272,4.9,10,"J-103, Sector 77, Noida - 201304, Prateek Wisteria"
,,,,
Fitness Zone,-9711179047,4.3,10,"Shop No-P S Arcade,, Bhoja Market, Atta Market, Noida Sector 27, Noida - 201301, Behind Vinayak Hospital, & Below Bank Of Maharashtra"
,,,,
Gold Star Gym And Personal ..,-9990004818,3.8,10,"Plot No-101, Noida Sector 82, Noida - 201304, Behind Vds Market/Sector 110 Market"
,,,,
Workoutz Gym,-9811182333,3.5,10,"50, Block T, Sector 12, Sector 12 Block V Road, Noida - 201301"
,,,,
The Lion Sports,-9205634021,3.3,10,"Office No.1, Sharma Market, Sector - 53, Noida - 201301, Near Mithas"
,,,,
Hardeep And Company,No Number!,4.3,9,"A 39, Noida Sector 16, Noida - 201301, Near Mc Donald"
,,,,
The Brown Star Gym,-8750078791,4.1,9,"Block- BR-41, LG Ground Floor, Noida Sector 45, Noida - 201303, Near Prateek Stylome"
,,,,
Fitzeal The Fitness And Wel..,-4515141,4,9,"A-74, Basement, Nearby HDFC BANK, Noida Sector 17, Noida - 201301"
,,,,
Xpress Fitness Studio,No Number!,3.7,9,"Noida Sector 27, Noida - 201301"
,,,,
Addiction Gym,-4356938,3.7,9,"FC-24a 2nd Floor, Noida Sector 16, Noida - 201301, Near Film City"
,,,,
O 2 Club,-4729258,3.1,9,"C 78  Supertech 34 Pavllion, Main Road, Noida Sector 34, Noida - 201307, Near Noida City Centre"
,,,,
D C F C,-9899029986,4.4,8,"Hazipur, Sector 104, Noida - 201304"
,,,,
Premier Fitness Club (Shopp..,-9811885428,3.9,8,"Shop No 401/402, 2nd Floor,Shopprix Mall, Noida Sector 61, Noida - 201307"
,,,,
Onthec Gym,-4121327,2.7,8,"22, Block C, Sector 61, Noida - 201301"
,,,,
Onthec Club- Vikfit,-4121327,4.8,7,"Shop No 433-449, 2nd Floor, Noida Sector 61, Noida - 201307, Near Shopprix Mall"
,,,,
Himanshu Sharma Fitness,No Number!,4.5,7,"The Royal Gym Sec49, Noida - 201301, Near By Main Barola Market"
,,,,
Ecole Fitness,-4507411,4.4,7,"E-7,Ramagya School,Gate No 2, Noida Sector 50, Noida - 201307"
,,,,
Fitness Motivation Gym,-9990154861,4.4,7,"Village Patwari, Sector2, Greater Noida West, Noida - 201307, Near Yadav Paneer Bhandar"
,,,,
DtF Studio,-9311251147,4.2,7,"Shop No 14/Ugf, Dtf Studio, Branch Sector78, Mahagun Mart, Sector 78, Noida, Noida - 201301"
,,,,
Fitness Pro Gym,-9999937692,4.1,7,"Main Road, Main Dadri Market, Noida Sector 49, Noida - 201303, Near OBC BANK"
,,,,
Hercules Gym,-7838151111,4.1,7,"Basement, Hansraj Complex, Noida Sector 31, Noida - 201303, Near Nithari"
,,,,
Gold star gym ,-8826507981,4,7,"Noida Sector 93, Noida - 201304, Behind vds market"
,,,,
Addiction India,-4273130,3.4,7,"Club-61, Shopprix Mall, Noida HO, Noida - 201301"
,,,,
Pro Fitness Gym,-9899379003,5,6,"Kothi No-103, Noida Sector 70, Noida - 201307, Near Pan Oasis Apartment"
,,,,
Smart Fit GYM,-9599748684,4.8,6,"PKB 42, Main Road, Noida Sector 122, Delhi - 201307, Near CNG Pump"
,,,,
Bio-fitness Gym,-9718924472,4.5,6,"M-36, Vill- Mamura, Noida Sector 66, Noida - 201307"
,,,,
The Fitness Gym,-9540533375,4.3,6,"Rn-37,Sec-62, Noida Sector 62, Noida - 201309, Near-B Block Mkt & Gunjan Play School"
,,,,
Kanta Health Club,-8130514475,4.3,6,"Noida Sector 68, Noida - 201307, Near Pragatyi Public School, Garhi Chokahndi"
,,,,
Generation Iron Gym,-9810728655,4.3,6,"B-35, b block, Noida Sector 52, Noida - 201301, Near adarsh public school"
,,,,
Extreme Fitness Gym,-8394911818,4.2,6,"Dankaur, Noida - 203201, Near Sport City"
,,,,
Noida Health Club,-7503635681,4.2,6,"Sadarpur, Main Road, Noida Sector 45, Noida - 201303, Near Som Bazar"
,,,,
Noida Health Club,-9999947208,4.2,6,"172 , Near Ved Prakash Bhawan, Gali No 1 ,Near Kartik Kunj Appartment, Sector 44, Noida - 201303, Near Old Shiv Mandir"
,,,,
The Royal Gym,-9891016618,4.1,6,"Main Dadri Road ,, Barola-Noida Sector 49, Noida - 201304, Near Axis Atm ,Main Market"
,,,,
Zink Gym Club,-8882955736,3.8,6,"C 1 Noida 48, C Block, Noida Sector 41, Noida - 201303"
,,,,
Power World Gym,-7625087787,3.7,6,", Shramik Kunj, Sector 110, Noida - 201304"
,,,,
Fitness Club Noida,-9999153236,5,5,"B -228, Noida Sector 92, Noida - 201304, Near- Omax Flat"
,,,,
Ch D S Fitness Club,-7011335147,5,5,"J-61, J Block,Sector 22, Noida - 201301, Near J 61"
,,,,
DEV Health & Fitness GYM,-9311439964,5,5,"HA- 9, Basement , Block- HA, Sector- 104, Noida, Noida - 201301, Shiv Mandir Hajipur"
,,,,
Shiv Health Club Unisex Gym,-8750489984,5,5,"Rc-33, Gali Number 1, Khora Colony, Noida - 201309, Near Pawan Vihar ,Near Shiv Hanuman Mandir"
,,,,
Body Temple Gym,-9891438672,4.7,5,"A Square Mall, Main Road, Noida Sector 73, Noida - 201307, Near Pet Clinic & Vinnar Heights"
,,,,
Gain Your Attitude Gym,-8527463926,4.6,5,"Sector 53, Gijhore, Noida - 201301"
,,,,
Noida Gym & Fitness Centre,-9818246071,4.6,5,"A-64,Sec-71.noida,Nr Sai Mandir, Noida HO, Noida - 201301"
,,,,
Truefit,-9999296611,4.2,5,"B 125 Basement, Noida Sector 71, Noida - 201307, Near Sai Mandir"
,,,,
Metromax Health Clubs,-9891955907,4.1,5,"S R Complex , First Floor, Main Dadri Road, Barola-noida Sector 49, Noida - 201304, Near Union Bank"
,,,,
Life Fit,-9999243918,4,5,"B-85a, Noida - 201008, Sec-47"
,,,,
Life Fit Gym,-8447300471,4,5,"CMC Mkt., Main Dadari Road, Noida Sector 49, Noida - 201303, Near Union Bank Of India"
,,,,
Noida Gym & Fitness Centre,-9818246071,3.7,5,"A -64, Noida Sector 71, Noida - 201307, Behind HP Petrol Pump and Opposite Sai Mandir"
,,,,
Body Temple Fitness For Gen..,-9311333447,3.4,5,"Main Road, Bhangel, Noida - 201304"
,,,,
Master Health Club,-9871876596,3.3,5,"Noida Sector 23, Noida - 201301, Near Ideal School"
,,,,
Balyan Gym,-8630463828,5,4,"Bhabokara, Noida - 203155"
,,,,
O2 Gym,-7500020111,4.9,4,"Captain Shashi Kant Sharma Marg, Noida Sector 34, Noida - 201307, Near Pocket C"
,,,,
Dance Fitness ( Body First)..,-9718581829,4.9,4,"D-18 Nayabans, Noida Sec -15, Noida, Noida - 201301, Near Rawat"
,,,,
Leo Fitness,-9891151423,4.8,4,"Noida Sector 35, Noida - 201307, Opposite Surbhi Hospital"
,,,,
Champion Unisex Gym,-8750488763,4.5,4,"No.22 Sector45, Sadarpur Colony, Main Road, Main Roadstreet, Noida - 201301"
,,,,
Web Tech Help (Regional Off..,-9212914400,4.3,4,"H-57 Sector 51, Noida, Noida - 201301, Near Noida City Center Metro Station"
,,,,
Crsp Farm House One Step Fi..,-9718090920,4.2,4,"Crsp Farm, One Step Fitness Club, Galgotias University-Dankaur, Noida - 203201, Near Jhajhar Road  Bus Stand"
,,,,
Fitness Goal,-8527977653,4.1,4,"B 52, Noida Sector 56, Noida - 201301"
,,,,
Dev Saini,-7037103034,4,4,"Sikandrabad, Old G.T. Road, Noida - 203202"
,,,,
Ravinder Chauhan ,-7503636549,3.8,4,"Noida Sector 45, Noida - 201303, Sadarpur Colony, Near Chetram Inter College, Gautam Budh Nagar"
,,,,
Pingaksh Homez Gym,-9910606739,3.8,4,"Abes Engg. College, Chippyana Bujurg, G.B.Nagar, Greater, Road, Noida - 201301, Near Govt. School"
,,,,
Noida Gym & Fitness Centre,-9818246071,3.5,4,"Plot No. 4a, Sector-62 Noida, Noida Sector 62, Noida - 201309, Near Father Agnel School"
,,,,
Noida Gym Centre,-8377945154,3.1,4,"V-14, Sec 5 Road, Noida Sector 5, Noida - 201301, Near Sec-5,Harola,Nr Labour Chowk"
,,,,
Fitness INDIA Gym,-9810718756,3,4,"Vds Market, Gejha Road, Noida Sector 110, Noida - 201304, Near Kapil Hospital"
,,,,
The Theophilia Gym,-9350163387,5,3,"3rd Floor Near Noida Education School Bhangel, Noida Sec 110, Noida, Noida - 201304"
,,,,
Vgn Gym Pro,-4204211,5,3,"A.7 -3rd Floor, Sector 10, Noida Sector 10, Noida - 201301"
,,,,
Body Fitness Club Gym,-7011886632,5,3,"Mangal, Indira Vihar, Sector 62a, Bazar Road, Makanpur Colony, Noida - 201309, Makanpur Colony"
,,,,
Ss Fitness Gym,-9871521605,4.8,3,"Sda 26, Noida Sector 45, noida - 201303, Shivalik Bank"
,,,,
Workout Fitness Unisex Gym,-9599406816,4.8,3,"Plot Number D213, Basement, Noida Sector 61, Noida - 201307, Near SBI Bank, D BLOCK, Opposite U Flex Pvt Ltd"
,,,,
Health INDIA Gym,-2544181,4.8,3,"1st Floor, Harbans Market, Noida Sector 27, Noida - 201301, Near Metro Station 18"
,,,,
Health INDIA Gym,-2544181,4.8,3,"1st Floor., Atta., Noida Sector 27, Noida - 201301, Near Noida Sector 18 Metro Station, Harbans Market"
,,,,
The Crypt,-9711070464,4.7,3,"Sadana Tower ,Sector 66 ,Sector 62 Noida, Noida Sector 66, Noida - 201307, R K Public School"
,,,,
Fat To Fit Gym,-9811641098,4.7,3,"E-292, Chaura Raghunathpur, Block D, Sector 22, Noida - 201301"
,,,,
Life N Style,-9971312925,4.3,3,"Shop No-19, Lower Ground Floor, Jaipuria Plaza, Noida Sector 26, Noida - 201301, Opposte DPS School"
,,,,
Brothers Health CLUB,-7011030734,4,3,"Sharma Complex 2nd Floor, Main Road, Sector 53, Noida - 201301, Near Mithas"
,,,,
Health Studio Gym,-9818724164,4,3,"MS Plaza, B-2, Kalyan Kunj, Main Dadri Road, Sector-49, Baraula, Noida - 201304"
,,,,
Raj Gym,-9811924953,3.7,3,"Goyal Colony, Salarpur Khadar, Sector 102, Bhangel, Noida - 201304"
,,,,
Health Addiction,-9999633199,3.7,3,"Rana Niwas Building, I Block, Sector 22, Noida - 201301, Behind Shiv Mandir"
,,,,
Fit To Core Fitness& Crossf..,-9811641098,3.7,3,"Noida Stadium Jogging Track, Sector 21a, Noida - 201301"
,,,,
Get fit n fine gym,-9990109193,3.7,3,"2 nd floor, Green india place mall, Noida Sector 62, Noida - 201309, Near khora labour chowk"
,,,,
Fitness First,-8750782767,3.5,3,"Thapar Gate Main Road, Khora Colony, Noida - 201309, Pragati Vihar, Near Thoda Builders"
,,,,
jiit Gym,-9585253523,3.3,3,"Goberdhanpur, Sector 128, Noida Sector 128, Noida - 201304"
,,,,
Workouts gym,-9711161541,3.3,3,"Sadarpur Colony, Noida Sector 45, Noida - 201303"
,,,,
Dronacharya The Gym,-9711375471,3,3,"G T 38, Noida Sector 93, Noida - 201304, Behind Mother Dairy"
,,,,
Nitin Shukla Gym,-8076856902,3,3,"201301, 2025, Naya Bans, Sector 15, Captain Vijyant Thapar Marg, Naya Bans Village, Noida - 201301"
,,,,
Iron Body Gym,-8587001923,5,2,"Village Salarpur, Main Road Dadri, Noida Sector 102, Noida - 201304, Near Vijaya Bank and Indian Bank"
,,,,
3 F Fitness Freaks Forever,-9891765641,5,2,"C-78, Noida Sector 49, Noida - 201304, Opposite Prayag Hospital"
,,,,
Fitness 44,-9654058855,5,2,"Shop-1,2, Main Road, Noida Sector 44, Noida - 201303, Near Omaxe Apartments, Opposite C-Block Park"
,,,,
Fitness 44 gym,-8813047617,5,2,"Main building, Challera street, Noida Sector 44, Noida - 201303, Opposite SRS bazaar"
,,,,
Iron Pampers,-9999783690,5,2,"E 141 Basement, Noida Sector 20, Noida - 201301, Near D M Chowk"
,,,,
Fit - Tracker,-9870400808,4.5,2,"2 Nd Flore Galaxy Shopee, Noida Extension, Noida - 201305, Opposite Mahagun Mart"
,,,,
Friendz Fitness & Hobby Cen..,-9810298901,4.5,2,"B - 54 ,, Main Road, Noida Sector 44, Noida - 201303, Near  Amity School"
,,,,
Royal Fitness Gym,-9711567384,4.3,2,"Geja Village, Noida Sector 93, Noida - 201304, Near Smartech"
,,,,
Motivate Gym,-7535830694,4.3,2,"H 32/1, Main Road, Sarfabad, Noida - 201307"
,,,,
Metro Health Care Gym,-8169213434,4.3,2,"Basement, Royal City Complex, Noida Sector 35, Noida - 201307, Opposite Krepsko Apartment"
,,,,
Stone Gym,-8802346862,4,2,"A-31, Block  A, Govindpuram, Noida - 201301, Near PNB Bank"
,,,,
Champion Health Club & Gym,-9911192214,4,2,"B-72, Noida Sector 10, Noida - 201301"
,,,,
Satish Health Club,-7011669741,4,2,"A-85 Nehru Garden Khora Sector 57 Noida, Khora Colony, Noida - 201309, Near Gc Public School"
,,,,
Raj Fitness World,-8882089204,4,2,"near shiv mandir, main road, Noida Sector 11, Noida - 201301, jhundpura"
,,,,
The Top Gym,-9784268282,4,2,"2 Nd Floor, Main Road, Sector 15, Noida - 201301, Near to Mcdonalds Restaurant"
,,,,
Mantra Health Club,-9871876796,3.5,2,"opposite J block, h.no. 204, Noida Sector 22, Noida - 201301, near dsr school"
,,,,
Hercules Gym,-9899323178,3.5,2,Noida - 201301
,,,,
The Brown Star Gym,-9810100507,3.5,2,"Noida Sec-45, Br41, Nr New Police Chowki, Noida Sector 45, Noida - 201301"
,,,,
Hyper Gym,-9999317210,3.3,2,"Plot No-619, Mandir Wali Gali, Noida Sector 27, Noida - 201301, Near Village-atta"
,,,,
Sunny Gym,-9999364048,3,2,"Shop No.13, 1st Floor, Oriental Bank, Natthu Colony, Barola, Sector 49, Main Dadri Road, Noida - 201301"
,,,,
Xtreme Fitness,-8860121111,2.8,2,"Rose City Market, Noida Extension, Noida - 201305, Near Gaur City 1"
,,,,
Body Building INDIA (DLF Ma..,-9599874808,2.8,2,"DLF MALL OF INDIA, LOWER GROUND FLOOR, Noida Sector 18, Noida - 201301, FRONT OF MINISO STORE"
,,,,
The Iron Pumper,-9910283690,2.8,2,"E 141, Main Road, Noida Sector 20, Noida - 201301"
,,,,
Fat To Fit Fitness Consulta..,-9278233054,2.5,2,"Shop no-11, bhardwaj market,, Noida HO, Noida - 201301, Sector 31"
,,,,
Benefit Express Gym,-4225257,5,1,"Shop 401-409, 3rd Floor, Noida Sector 61, Delhi - 201307, Near Shopprix Mall"
,,,,
Aryan & Fitness Club The Gy..,-7055553262,5,1,"Wair Badshahpur, Noida - 203203"
,,,,
Personal Fitness Trainer,-7506750923,5,1,"B1210, Gaur City, Noida Extension, Noida - 201305, Near City Plaza"
,,,,
Rajput Gym,-9716869427,5,1,"Noida Sector 135, Noida - 201304, Behind Cosmos"
,,,,
The Taurus Gym,-9313323242,5,1,"B-14 Basament, Lane No 4, Hindon Vihar, Noida Sector 49, Noida - 201303"
,,,,
Fitness Series,-9311043001,5,1,"Yamaha Vihar Sec 49, Barola Market, Noida Sector 49, noida - 201303"
,,,,
Himanshu Sharma Fitness,-9540872126,5,1,"C 638, Noida Sector 49, Noida - 201303, Govt Hospital"
,,,,
Steppers Gym,-8287177613,5,1,"Sector 19, Barola-Noida Sector 49, Noida - 201304"
,,,,
Fitness Plus Gym,-9267999984,5,1,"Aditya Palace, Basement, Sector 126, Noida - 201303, Near Amity University Gate No-2, Raipur Village"
,,,,
He R She,-9990500716,5,1,"Noida Sector 30, Noida - 201303, Near Golf Course Metro Station"
,,,,
The Gym,-9716278078,5,1,"Shop no-17, Mamura, Noida - 201307"
,,,,
NutriFit Life,-7503844816,5,1,"Shop no UG 429, near premier fitness gym, Noida Sector 61, Noida - 201307, Parshvnath plaza"
,,,,
My Fitness Club,-9718246946,5,1,"Shop No.11,Vds Market, Sector110, Noida - 201301, Behind Dominos Pizza"
,,,,
MSK Fitness World,-8368082317,5,1,"Street No 05, Noida Sector 66, Noida - 201307, Near Holi Chowk"
,,,,
Life And Style,-9650314238,5,1,"Jaipuria Plaza, Noida Sector 26, Noida - 201301, Oppsit Dps"
,,,,
Bync Gym,-9999144756,5,1,"C-43, Basement, Noida Sector 20, noida - 201301"
,,,,
K P Fitness Zone,-8800611445,5,1,"A-1/1, Ground Floor, S B Tower, Noida Sector 16a, Noida - 201301, Near Shiv Mandir"
,,,,
Gold Jim,-8572948444,5,1,"shop no 17, Basement gali no 2, Noida Sector 22, Noida - 201301, Near dsr"
,,,,
Sr Health Club,-9891372029,5,1,"chajharsi, Noida HO, Noida - 201301, noida sec 63"
,,,,
U-Turn Fitness,-9999595418,5,1,"J 55 Sector 22, Near Indian Overseas Bank, Noida Sector 22, noida - 201301"
,,,,
The Spartans Gym,-9958463290,5,1,Noida - 201301
,,,,
Dronacharya The Gym,-8810296873,5,1,"2nd Floor, Rana Complex, Noida Sector 22, Noida - 201301, Near Shiv Mandir"
,,,,
The Iron Pumpers GYM,-9718208929,5,1,"I-48  Besment, Noida Sector 22, Noida - 201301, Near Shiv Mandir"
,,,,
Iron Pumpers Gym,-9696968942,5,1,"C 5,, 55/56 road, Noida Sector 56, Noida - 201301, Near by Shiva Mandir"
,,,,
The Gym Cafe,-8279903049,5,1,"B05 Okaya Central Shop No-2 Gf, Tower-3, Noida Sector 62, Noida - 201309, Near Iin Lucknow"
,,,,
Kids Little Gym,-9810354731,5,1,"H-113, Noida HO, Noida - 201301, Sec-63"
,,,,
Bodypower Platinum Gym Noid..,-4122711,5,1,"WTT(World Trade Tower)/M-floor/, Noida Sector 16, noida - 201301, Near Noida Metro Station Sector-16"
,,,,
Iron Pumpers Gym,-9582621490,5,1,"B-14, B Block, Noida Sector 12, Noida - 201301, Near Swani Furniture"
,,,,
Entham Gym,-9999198771,5,1,"Jp Socity, Near Double Green, Noida Sector 56, Noida - 201301"
,,,,
Raj Fitness Wrold,-4222472,5,1,"C-6 Jhundpura, Transport gali, Noida Sector 11, Noida - 201301, Near shiv mandir"
,,,,
Mad Wolf Fitness Club,-8130469004,4.5,1,"OM Complax, Second Floor,, Sector 41, Noida Sector 41, Noida - 201303, Near Sector-76 Noida Metro"
,,,,
MHFA,-7678282864,4.5,1,"Flat 40 Shop Nmbr S -3 Gf, Noida Sector 49, Noida - 201304, Opposite DOMINO'S PIZZA HUT Sector 48 NOIDA"
,,,,
Noida health,-9582207923,4.5,1,Noida - 201303
,,,,
Shiv Shakti Gym,-9899926105,4.5,1,"D-1, Basement, Noida Sector 45, Noida - 201303, Near Sadarpur Colony, Near Som Bazar"
,,,,
Mahi Fitness Mantra Unisex ..,-8700735917,4.5,1,"Gijhor Market, Gijhor, Gijhore, Noida - 201301"
,,,,
Ultimate Gym Fitness And He..,-8766252640,4.5,1,"Gali No 2 Mamura, Noida Sector 66, Noida - 201307, Near SBI Bank"
,,,,
Muscle Zone,-9990906093,4.5,1,"Shiva Market, Village Chaura, Raghunathpur-Noida Sector 22, Noida - 201301, Near ESI Link Road"
,,,,
New Gold Fitness,-9911337464,4.5,1,"E-14, Noida Sector 55, Noida - 201307, Near Gate No. 5"
,,,,
Ultimate Fitness,-9650169563,4.5,1,"g-3, main road, Noida Sector 22, Noida - 201301"
,,,,
Body Fortress,-8882909916,4.5,1,"A-5, Noida Sector 55, Noida - 201307"
,,,,
Amar Muscular Gym,-9891349546,4.5,1,"R-C-68, Khora Colony, Noida - 201309, Near Church,Archana Enclave"
,,,,
Supernatural Crossfitness A..,-9716991245,4,1,"Hosiyarpur Village, Gali No. 3, Noida Sector 51, Delhi - 201307, Near The City Pride"
,,,,
Power Planet,-9560555620,4,1,"M-12a First Floor, Main Road, Noida Sector 11, Noida - 201301, Near Metro Heart Institute"
,,,,
Push Fitness Studio,-9811312284,4,1,"Hostel No 5, Noida Sector 126, Noida - 201303, Opp Gate 2 Amity University"
,,,,
Bristol Gym,-9654771608,4,1,"B 41/4, Noida Sector 31, Noida - 201303, Near Royal Plaza Market"
,,,,
Phenix Gym,-7042779811,4,1,"Sec-26,A-48, Noida Sector 26, Noida - 201301, Opposite Of Kailash Hospital"
,,,,
Fine & Fitness,-9873278533,4,1,"Basement, Green India Palace, Noida Sector 62, Noida - 201309, Labour Chock"
,,,,
Health Indian Gym,-9899896561,4,1,"Harbansh Market, Atta Market, Noida Sector 27, Noida - 201301, Near Metro Station 18"
,,,,
The Vault Gym,-9582729908,3.5,1,"C-4/103, Noida Sector 31, Noida - 201301, Near Indian Overseas Bank"
,,,,
Minder Awana,-7838058194,3.5,1,"P S Arcade,, Noida Sector 27, Noida - 201301, Near Vinayak Hospital,Atta Market , Bhoja Market"
,,,,
Iron Pumpers Gym,-7053671985,3.5,1,"B-14, Main road, Noida Sector 12, Noida - 201301"
,,,,
M D Gym,-9891749066,3,1,"Greater Noida gutam budha nagar, Noida - 203202"
,,,,
Fitness First,-7830557496,3,1,"Dankaur, Noida - 203201"
,,,,
Jmd Gym ,-9873494541,3,1,"H No 19, Street 2,Harjan Basti, Noida Sector 37, Noida - 201303, Golf View Hotel"
,,,,
The dreams gym,-9560805062,3,1,"2nd Floor, The Dreams Gym, Nithari Village, Sector 31, Noida - 201301"
,,,,
Fitness Guru Home Tuition,-9152686535,3,1,"D-Block, Sector 26, Noida - 201301"
,,,,
Max Power Gym,-9910887933,3,1,"Ch.Salim Market, Gr, Haldoni Mor Bisrakh Road, Noida Sector 20, Noida - 201301"
,,,,
Fitness Point Gym,-9911712626,3,1,"Rn.25, Sector 62, B Block Road, Noida - 201309, Near Fortis Hospital"
,,,,
Bhupendera Fitness,No Number!,3,1,"Noida HO, Noida - 201301, Sec 11"
,,,,
Slim Gym ENT,-2534628,3,1,"B-45, Noida Sector 6, Noida - 201301, Sec-6"
,,,,
Star Gym,-9268979391,2,1,"Dadari Road, Village- Salarpur, Baraula, Noida - 201304, Opp. Boi"
,,,,
Sip Abacus & Brain Gym,-9811901596,0.5,1,"Noida Sector 50, Noida - 201307"
,,,,
Kd Fitness,-9818296340,0.5,1,"134,C Block ,Basement, Sector 19 Noida, Noida Sector 19c, Noida - 201301"
,,,,
Activ 8 Gym,-8743829899,0.5,1,"Building Number - B-45, Noida Sector 12, Noida - 201301, Near Aggarwal Sweets"
,,,,
Gold Gym,-8826558883,0,0,"C Block, C 387, Noida Sector 65, Noida - 201301, Near By Hanuman Mandir"
,,,,
Any time fitness,-7011931648,0,0,"Jaipuriya Plaza Second Floor, Noida Sector 26, Noida - 201301"
,,,,
Body For Life Gym,-9899820248,0,0,"B-2 Besment, Noida Sector 41, Noida - 201303, Near Noida City Centre Metro Staion"
,,,,
The Gym Health Planet,-7838058194,0,0,"Basement, Main building, Noida Sector 30, Noida - 201303, Kirtiman plaza"
,,,,
Fitbit Gym,-8130565564,0,0,"Green Home Girl's PG, Block C, Sector 44 noida, Delhi - 201301"
,,,,
Muscle Myntra Fitness Gym,-8588946403,0,0,"Noida Sector 44, Noida - 201303, Near Amarpali Sapphaire"
,,,,
Itrain Calisthenics,-8467875667,0,0,"K09 Mascot Building, Noida Sector 49, Noida Sector 49, Noida - 201303, Hanuman Mandir"
,,,,
City Fitness,-2482453,0,0,"Ofc No-c3, Noida Sector 51, Noida - 201307, Nr Wedding Villa"
,,,,
Fitness Gym &spa,-7838656594,0,0,"C-4, Sector-51 Mkt., Noida Sector 50, Noida - 201307, Behind Srs Value Bazaar"
,,,,
The Gym,-8802767625,0,0,"E-16/B2, Basement,Kirtimaan Plaza, Noida Sector 30, Noida - 201303, Near Nmc Hospital"
,,,,
Health Plus India,-9871973669,0,0,"G C COMPLEX 3rd Floor, Noida Sector 15, Noida - 201301, NEAR 16 METRO STATION"
,,,,
Bob Gym,No Number!,0,0,"Office Number- 45, Noida Sector 22, Noida - 201301, Main Market, Near Gurudwara"
,,,,
Sharavan Health Club,-9311340921,0,0,"Dankaur, Noida - 203201, Near Greater Height Public School"
,,,,
Fitness Trick Health Club,-8077421108,0,0,"Dankaur, Noida - 203201, Near Gangotiya Univeersty"
,,,,
The Junoon Gym,-9634256811,0,0,"Bilaspur Noida, Noida - 203202"
,,,,
Naveen Gym,-9716972343,0,0,"Gali No-1, Noida Sector 168, Noida - 201305, Near Deep Chand Market, Dosepur Mangroli"
,,,,
Star Gym,-8700290030,0,0,"Shop No - 201, 2 Nd Floor Sector -, Noida Sector 137, Noida - 201305, Near Paras Tera Sector- 137"
,,,,
Muscle World Gym,-9810965843,0,0,"Wazidpur, Sector 135, Noida - 201304"
,,,,
Iso Fitness,-9667653344,0,0,"Plot No.248, Noida Sector 135, Noida - 201304"
,,,,
Red Gym,-8383883344,0,0,"Vuillage Yakubpur, Noida Sector 86, Noida - 201305, Motherson"
,,,,
Gym X2 Fitness & Yoga Class..,-8860112205,0,0,Noida - 201305
,,,,
Xtreeme Fitness Gym,-9015523535,0,0,"Gaur City 2, Noida Extension, Noida - 201305, Near Gagan Public School"
,,,,
Active Gym,-8958167325,0,0,"Shop No 1 and 2, Taj Highway, Noida Extension, Noida - 201305"
,,,,
Mission Fit Gym,-9560956579,0,0,"Plot No 103 Taj Highway Near Sai Mandir Noida Extension, Taj Highway Tigri Gol Chakker, Noida Extension, Noida - 201305, Near Sai Dham Mandir Taj Highway"
,,,,
Fit2max Gym,-8920589668,0,0,"City Palaza 3rd Floor, Gaur City 1, Noida Extension, Noida - 201305, Tech Zone 4"
,,,,
Health First,-9015911536,0,0,"Noida Phase 2, Noida - 201305, Ilahabas Village Sector-86"
,,,,
Ganpati Travels,No Number!,0,0,Noida - 201008
,,,,
Dronaacharya The Gym,-9654001037,0,0,"GT 38, Awana house, Noida Sector 93, Noida - 201304, Near silver city"
,,,,
Life Fit Gym,-9311333447,0,0,"A-120, Sector-92, Noida Phase 2, Noida - 201305"
,,,,
The Body Fitness Point,-9911202195,0,0,"Village -kakrala Phase 2, Noida Sector 80, Noida - 201305, Opt to Parag Dairy"
,,,,
Body Shapers Gym,-9899627943,0,0,"26/2 Pocket 12, Sec 82, Noida - 201304, Noida Extension"
,,,,
Veer fitness point,-9069259846,0,0,"Shop no. 4, Salarpur, Salarpur Kalan, Noida - 201304, Near Axis atm"
,,,,
Fitnes Gym,-9870984670,0,0,"Shop No B 57, Noida Sector 108, Noida - 201304, Near By Ats Tower"
,,,,
The Gym,-9871120267,0,0,"21, C BLOCK, Noida - 201008, NEAR SHOPPRIX MALL"
,,,,
B Town Fitness,-9990995362,0,0,"Gheza Road Near Yatharth Hospital, Bhangel Noida Sec 82, Bhangel, Noida - 201304"
,,,,
Body temple fitness for gen..,-9654046537,0,0,"S.s complex, Main dadri road, Bhangel, Noida - 201304, Near pnb bank"
,,,,
A.k. Gym,-9899792988,0,0,"School wali galli, Noida Sector 101, Noida - 201304, Near baby public school"
,,,,
D gym,-9910197755,0,0,"Village Salarpur, Navin Road, Noida Sector 102, Noida - 201304, Opp Police Chouki"
,,,,
D - Zym,-8700339962,0,0,"Noida Sector 101, noida - 201304, Near Poorv Madhyamik Vidyalay"
,,,,
D Gym,-8700339962,0,0,"Shop Number 1, Main Dadri Road, Noida Sector 101, Noida - 201304, Near Salarpur Police Chowki, Vijay Dhaba"
,,,,
New Fitness Gym,-9871950000,0,0,"Shop Number - 1,2,3, Main Metro Line, Noida Sector 107, Noida - 201304, Opposite Metro Station"
,,,,
Teamcore Fitness Club,-8447740268,0,0,"Km-02,03 ,2nd Floor, Hajipur, Noida - 201304, Near 24/7 Store"
,,,,
24 By7 Fitness,-8810296873,0,0,"SD 06 Noida, Noida Sector 115, noida - 201305"
,,,,
4 Fitness Gym,-8860051324,0,0,"Plot No-N2, SHD Complex, Shatabdi Enclave, Behind Hanuman Murti, Near Barola Village, Noida, Noida - 201301, Near Hanuman Murti"
,,,,
Aarav Gym Center,-9599444033,0,0,"Main Dadri Road, Noida Sector 49, Noida - 201304, Near Juice Corner"
,,,,
Fitness Series Gym,-9999902551,0,0,"Second Floor,Yamaha Vihar Colony,, Baraula, Sector 49, Hindon Vihar Noida, Noida - 201304, Hotel Regenta"
,,,,
Royal Gym,-8851049218,0,0,"Noida Sector 49, Noida - 201304, Near Shri Ram Hospital"
,,,,
Royal Gym,-7838347292,0,0,"Barola, Barola-Noida Sector 49, delhi - 201304"
,,,,
Royal gym ,-8860232209,0,0,"Noida Sector 49, Noida - 201304, Near Shri ram hospital"
,,,,
Fitness Strong Gym,-9210775736,0,0,"B-4, Baraula, Noida - 201304, Sec-49, Kalyani Kunj, Nr Shari Ram Hospital"
,,,,
All in one gym,-9782805639,0,0,"barola market, Main road, Noida Sector 49, Noida - 201303"
,,,,
Gym 49,-9990767686,0,0,"Shop No-8, Barola-noida Sector 49, Noida - 201304, Near Bikaner Sweets"
,,,,
Fitness Program Gym,-9891390276,0,0,"Ts Chouhan Complex 2nd Floor, Barola Market, Noida Sector 49, noida - 201303"
,,,,
Aarav Gym & Suppliment,-9958278859,0,0,"Aarav Gym and Suppliments, Barola-Noida Sector 49, Noida - 201304, Near Om Sai Medicos"
,,,,
Get Fit & Fine Nutrition Hu..,-7905954526,0,0,"F 2 First Floor  Garden Glory Market, Noida Sector 46, Delhi - 201303, Near Gardenia Glory Apartments"
,,,,
Aarav Gym,-8287568450,0,0,"Barola-Noida Sector 49, Noida - 201304, Near petrol pump"
,,,,
Health INDIA Gym,-9910701534,0,0,"Plot Number Gt-42, Main Street, Noida Sector 93, Noida - 201304, Near By Silver City"
,,,,
Fitness World,-8368468791,0,0,"Amrapali Platinum , Tower-F, Noida Sector 119, Noida - 201304, Near Tripathi Hospital"
